date,symbol,side,shares,price,value,fees,tax,reason
2026-10-05,SCB,buy,74,664.0,49136.0,373.71940149736463,0.0,buy
2026-10-05,NTC,buy,54,907.0,48978.0,371.7529321345704,0.0,buy
2026-10-05,EBL,buy,70,700.0,49000.0,341.7096209459072,0.0,buy
2026-10-05,SADBL,buy,126,392.2,49417.2,368.86373212846354,0.0,buy
2026-10-05,GVL,buy,101,490.5,49540.5,378.60626177418885,0.0,buy
2026-10-05,CBBL,buy,52,948.0,49296.0,355.52819265358477,0.0,buy
2026-10-05,SANIMA,buy,136,365.0,49640.0,343.1629247315736,0.0,buy
2026-10-05,NABIL,buy,93,530.0,49290.0,341.6529004563728,0.0,buy
2026-10-05,ADBL,buy,160,309.0,49440.0,360.39031967692097,0.0,buy
2026-10-05,DDBL,buy,58,849.0,49242.0,383.4382180172046,0.0,buy
2026-10-05,LBBL,buy,105,472.0,49560.0,355.36727269696655,0.0,buy
2026-10-05,KSBBL,buy,111,445.2,49417.2,358.60739076124196,0.0,buy
2026-10-05,GBBL,buy,124,400.0,49600.0,350.1182526894605,0.0,buy
2026-10-05,SAHAS,buy,73,680.0,49640.0,340.04608033739305,0.0,buy
2026-10-05,SHINE,buy,126,393.0,49518.0,364.36453025935623,0.0,buy
2026-10-05,MEN,buy,78,635.0,49530.0,340.1452980138562,0.0,buy
2026-10-05,SIKLES,buy,88,562.0,49456.0,387.05405852700807,0.0,buy
